{
    "items": [
        {
            "name": "Camera",
            "textColor": {
                "r": 1.0,
                "g": 1.0,
                "b": 1.0,
                "a": 1.0
            },
            "backgroundColor": {
                "r": 0.6698113083839417,
                "g": 0.43048718571662905,
                "b": 0.0,
                "a": 1.0
            },
            "fontStyle": 0,
            "fontSize": 12,
            "textAlignment": 4,
            "backgroundImageType": 0
        },
        {
            "name": "Display",
            "textColor": {
                "r": 1.0,
                "g": 1.0,
                "b": 1.0,
                "a": 1.0
            },
            "backgroundColor": {
                "r": 0.7075471878051758,
                "g": 0.7075471878051758,
                "b": 0.7075471878051758,
                "a": 1.0
            },
            "fontStyle": 0,
            "fontSize": 12,
            "textAlignment": 4,
            "backgroundImageType": 0
        },
        {
            "name": "Scripts",
            "textColor": {
                "r": 1.0,
                "g": 1.0,
                "b": 1.0,
                "a": 1.0
            },
            "backgroundColor": {
                "r": 0.8584905862808228,
                "g": 0.8435454964637756,
                "b": 0.18222680687904359,
                "a": 1.0
            },
            "fontStyle": 0,
            "fontSize": 12,
            "textAlignment": 4,
            "backgroundImageType": 0
        },
        {
            "name": "Audio",
            "textColor": {
                "r": 1.0,
                "g": 1.0,
                "b": 1.0,
                "a": 1.0
            },
            "backgroundColor": {
                "r": 0.21810679137706757,
                "g": 0.2156016081571579,
                "b": 0.8962264060974121,
                "a": 1.0
            },
            "fontStyle": 0,
            "fontSize": 12,
            "textAlignment": 4,
            "backgroundImageType": 0
        }
    ]
}